--------- data generated from https://mockaroo.com/ ---------

insert into Hospital (id, name, town, adress, num_employees, num_petients) values (1, 'Topicshots',  'Delaware','5026 Old Shore Way', '77937', '27779');
insert into Hospital (id, name, town, adress, num_employees, num_petients) values (2, 'Fatz',       'Northland','080 Larry Trail', '153', '733');
insert into Hospital (id, name, town, adress, num_employees, num_petients) values (3, 'Wikizz',     'Mallard','44 Brentwood Place', '099', '9');
insert into Hospital (id, name, town, adress, num_employees, num_petients) values (4, 'Rooxo',      'Commercial','05 South Avenue', '77999', '35');
insert into Hospital (id, name, town, adress, num_employees, num_petients) values (5, 'Skivee',      'Mallard','1 Vernon Crossing', '895', '403');
insert into Hospital (id, name, town, adress, num_employees, num_petients) values (6, 'Skinix',     'Dovetail', '7143 Prentice Alley','02344', '29');
insert into Hospital (id, name, town, adress, num_employees, num_petients) values (7, 'Yabox',      'Gateway','18 Kensington Lane', '59833', '01890');
insert into Hospital (id, name, town, adress, num_employees, num_petients) values (8, 'Pixope',      'Monica','05 Hoepker Drive', '7498', '6');
insert into Hospital (id, name, town, adress, num_employees, num_petients) values (9, 'Brightbean',  'Northland','4 Lien Avenue', '9926', '35');
insert into Hospital (id, name, town, adress, num_employees, num_petients) values (10, 'Oba',       'Northland','57154 Summerview Pass', '3828', '0');
insert into Hospital (id, name, town, adress, num_employees, num_petients) values (11, 'Brightbean2',  'Michigan', '7 Lien Parkway','42885', '56643');
insert into Hospital (id, name, town, adress, num_employees, num_petients) values (12, 'Camimbo',      'Carey','9388 Memorial Court', '7393', '391');
insert into Hospital (id, name, town, adress, num_employees, num_petients) values (13, 'Oba',        'Mallory', '20 American Crossing','210', '87');
insert into Hospital (id, name, town, adress, num_employees, num_petients) values (14, 'Skivee',    'Iowa','6117 Blue Bill Park Lane', '93781', '52660');
insert into Hospital (id, name, town, adress, num_employees, num_petients) values (15, 'Gevee',     'Carey', '3894 Manufacturers Circle','66', '848');
insert into Hospital (id, name, town, adress, num_employees, num_petients) values (16, 'Wikizz2',     'Iowa', '23 Moulton Junction','3422', '8062');
insert into Hospital (id, name, town, adress, num_employees, num_petients) values (17, 'Fatz',          'Northland','32 Elka Alley', '5', '7332');
insert into Hospital (id, name, town, adress, num_employees, num_petients) values (18, 'Yabox2',     'Briar Crest', '828 Raven Plaza','57593', '8');
insert into Hospital (id, name, town, adress, num_employees, num_petients) values (19, 'Kazu',          'Scott','9 Carberry Street', '0', '66');
insert into Hospital (id, name, town, adress, num_employees, num_petients) values (20, 'Topicshots',    'Northland', '7 Village Green Street', '54536', '21');


insert into Room (id, hospital_id, room_num) values (1, 6, 50);
insert into Room (id, hospital_id, room_num) values (2, 7, 87);
insert into Room (id, hospital_id, room_num) values (3, 3, 3);
insert into Room (id, hospital_id, room_num) values (4, 14, 71);
insert into Room (id, hospital_id, room_num) values (5, 4, 82);
insert into Room (id, hospital_id, room_num) values (6, 18, 99);
insert into Room (id, hospital_id, room_num) values (7, 12, 41);
insert into Room (id, hospital_id, room_num) values (8, 6, 92);
insert into Room (id, hospital_id, room_num) values (9, 4, 69);
insert into Room (id, hospital_id, room_num) values (10, 16, 98);
insert into Room (id, hospital_id, room_num) values (11, 5, 8);
insert into Room (id, hospital_id, room_num) values (12, 4, 83);
insert into Room (id, hospital_id, room_num) values (13, 4, 13);
insert into Room (id, hospital_id, room_num) values (14, 10, 78);
insert into Room (id, hospital_id, room_num) values (15, 14, 18);
insert into Room (id, hospital_id, room_num) values (16, 16, 40);
insert into Room (id, hospital_id, room_num) values (17, 3, 30);
insert into Room (id, hospital_id, room_num) values (18, 5, 72);
insert into Room (id, hospital_id, room_num) values (19, 17, 46);
insert into Room (id, hospital_id, room_num) values (20, 19, 78);
insert into Room (id, hospital_id, room_num) values (21, 11, 49);
insert into Room (id, hospital_id, room_num) values (22, 2, 21);
insert into Room (id, hospital_id, room_num) values (23, 10, 69);
insert into Room (id, hospital_id, room_num) values (24, 14, 4);
insert into Room (id, hospital_id, room_num) values (25, 20, 39);
insert into Room (id, hospital_id, room_num) values (26, 19, 68);
insert into Room (id, hospital_id, room_num) values (27, 11, 36);
insert into Room (id, hospital_id, room_num) values (28, 11, 24);
insert into Room (id, hospital_id, room_num) values (29, 12, 43);
insert into Room (id, hospital_id, room_num) values (30, 7, 96);


insert into Patients (id, room_id, name, surname, age, phone, gender) values (1, 18, 'Kerr', 'Emslie', 24, '450-699-8504', 'M');
insert into Patients (id, room_id, name, surname, age, phone, gender) values (2, 1, 'Otto', 'Hazeltine', 63, '586-650-3468', 'M');
insert into Patients (id, room_id, name, surname, age, phone, gender) values (3, 19, 'Norman', 'Whittenbury', 24, '194-491-0306', 'M');
insert into Patients (id, room_id, name, surname, age, phone, gender) values (4, 11, 'Staford', 'Silverson', 34, '300-580-5457', 'F');
insert into Patients (id, room_id, name, surname, age, phone, gender) values (5, 25, 'Miner', 'Godley', 35, '990-482-0497', 'F');
insert into Patients (id, room_id, name, surname, age, phone, gender) values (6, 13, 'Caleb', 'Brobeck', 51, '706-487-3768', 'M');
insert into Patients (id, room_id, name, surname, age, phone, gender) values (7, 24, 'Lyon', 'Moraleda', 21, '731-218-0467', 'F');
insert into Patients (id, room_id, name, surname, age, phone, gender) values (8, 7, 'Rupert', 'Nowak', 16, '762-287-6848', 'F');
insert into Patients (id, room_id, name, surname, age, phone, gender) values (9, 23, 'Ronny', 'Ferriere', 67, '960-943-5982', 'M');
insert into Patients (id, room_id, name, surname, age, phone, gender) values (10, 19, 'Donnie', 'Lippiett', 69, '521-979-2778', 'M');
insert into Patients (id, room_id, name, surname, age, phone, gender) values (11, 17, 'Stephanus', 'Kirsche', 29, '682-185-8315', 'F');
insert into Patients (id, room_id, name, surname, age, phone, gender) values (12, 20, 'Purcell', 'Binyon', 41, '967-511-9477', 'M');
insert into Patients (id, room_id, name, surname, age, phone, gender) values (13, 15, 'Prentiss', 'Epinoy', 32, '573-124-4662', 'M');
insert into Patients (id, room_id, name, surname, age, phone, gender) values (14, 6, 'Thebault', 'Alelsandrowicz', 55, '737-200-1283', 'M');
insert into Patients (id, room_id, name, surname, age, phone, gender) values (15, 2, 'Amerigo', 'MacIlory', 54, '352-572-1669', 'M');
insert into Patients (id, room_id, name, surname, age, phone, gender) values (16, 22, 'Inglis', 'Cayzer', 34, '318-749-8487', 'M');
insert into Patients (id, room_id, name, surname, age, phone, gender) values (17, 13, 'Artur', 'Ciabatteri', 30, '111-304-5701', 'F');
insert into Patients (id, room_id, name, surname, age, phone, gender) values (18, 3, 'Riley', 'Culshaw', 64, '760-572-8901', 'F');
insert into Patients (id, room_id, name, surname, age, phone, gender) values (19, 17, 'Chrissy', 'Zima', 65, '553-741-2448', 'M');
insert into Patients (id, room_id, name, surname, age, phone, gender) values (20, 21, 'Maison', 'Lilleman', 62, '594-974-1651', 'M');
insert into Patients (id, room_id, name, surname, age, phone, gender) values (21, 9, 'Even', 'Warbrick', 19, '589-280-7804', 'M');
insert into Patients (id, room_id, name, surname, age, phone, gender) values (22, 4, 'Artemis', 'Larkins', 42, '867-643-9176', 'F');
insert into Patients (id, room_id, name, surname, age, phone, gender) values (23, 1, 'Rowney', 'Fisby', 22, '613-541-7566', 'M');
insert into Patients (id, room_id, name, surname, age, phone, gender) values (24, 12, 'Neal', 'Arundel', 35, '258-707-1901', 'M');
insert into Patients (id, room_id, name, surname, age, phone, gender) values (25, 5, 'Husain', 'Plaistowe', 63, '559-301-3836', 'M');
insert into Patients (id, room_id, name, surname, age, phone, gender) values (26, 20, 'Lance', 'Colqueran', 31, '993-211-5918', 'M');
insert into Patients (id, room_id, name, surname, age, phone, gender) values (27, 18, 'Chrotoem', 'Fairman', 30, '809-500-4136', 'F');
insert into Patients (id, room_id, name, surname, age, phone, gender) values (28, 24, 'Rolfe', 'Poulston', 51, '725-309-2610', 'F');
insert into Patients (id, room_id, name, surname, age, phone, gender) values (29, 12, 'Griffin', 'Birth', 32, '730-720-5453', 'M');
insert into Patients (id, room_id, name, surname, age, phone, gender) values (30, 7, 'Humfrid', 'Demangeot', 25, '531-628-8200', 'M');

insert into Employee (id, name, surname, category, age, gender) values (1, 'Osbert', 'Scutter', 'Nurse Practicioner', 29, 'M');
insert into Employee (id, name, surname, category, age, gender) values (2, 'Kermie', 'Adshed', 'Systems Administrator II', 38, 'F');
insert into Employee (id, name, surname, category, age, gender) values (3, 'Armstrong', 'Train', 'Nurse Practicioner', 44, 'M');
insert into Employee (id, name, surname, category, age, gender) values (4, 'Dexter', 'Gregorio', 'Doctor', 30, 'F');
insert into Employee (id, name, surname, category, age, gender) values (5, 'Albert', 'Anthoney', 'Quality Doctor', 65, 'M');
insert into Employee (id, name, surname, category, age, gender) values (6, 'Duff', 'McVicker', 'Research Nurse', 58, 'M');
insert into Employee (id, name, surname, category, age, gender) values (7, 'Kaiser', 'Clutheram', 'Research Nurse', 19, 'F');
insert into Employee (id, name, surname, category, age, gender) values (8, 'Darcy', 'MacSkeagan', 'Quality Doctor', 22, 'F');
insert into Employee (id, name, surname, category, age, gender) values (9, 'Alvan', 'Brightie', 'Quality Doctor', 52, 'M');
insert into Employee (id, name, surname, category, age, gender) values (10, 'Binky', 'Otridge', 'Doctor', 28, 'F');


insert into Diagnoses (id, diagnos) values (1, 'T841901');
insert into Diagnoses (id, diagnos) values (2, 'T428X32');
insert into Diagnoses (id, diagnos) values (3, 'S623013');
insert into Diagnoses (id, diagnos) values (4, 'KORONA5');
insert into Diagnoses (id, diagnos) values (5, 'M250614');
insert into Diagnoses (id, diagnos) values (6, 'S681147');
insert into Diagnoses (id, diagnos) values (7, 'T173109');
insert into Diagnoses (id, diagnos) values (8, 'T832288');

insert into Treatment (id, diagnos_id, medicament_id ) values (1, 1, 3);
insert into Treatment (id, diagnos_id, medicament_id ) values (2, 1, 2);
insert into Treatment (id, diagnos_id, medicament_id ) values (3, 6, 1);
insert into Treatment (id, diagnos_id, medicament_id ) values (4, 7, 4);
insert into Treatment (id, diagnos_id, medicament_id ) values (5, 7, 1);
insert into Treatment (id, diagnos_id, medicament_id ) values (6, 2, 6);
insert into Treatment (id, diagnos_id, medicament_id ) values (7, 6, 7);
insert into Treatment (id, diagnos_id, medicament_id ) values (8, 2, 4);
insert into Treatment (id, diagnos_id, medicament_id ) values (9, 7, 3);
insert into Treatment (id, diagnos_id, medicament_id ) values (10, 3, 3);
insert into Treatment (id, diagnos_id, medicament_id ) values (11, 5, 6);
insert into Treatment (id, diagnos_id, medicament_id ) values (12, 4, 3);
insert into Treatment (id, diagnos_id, medicament_id ) values (13, 5, 8);
insert into Treatment (id, diagnos_id, medicament_id ) values (14, 2, 4);
insert into Treatment (id, diagnos_id, medicament_id ) values (15, 2, 4);
insert into Treatment (id, diagnos_id, medicament_id ) values (16, 5, 5);
insert into Treatment (id, diagnos_id, medicament_id ) values (17, 4, 9);
insert into Treatment (id, diagnos_id, medicament_id ) values (18, 2, 2);
insert into Treatment (id, diagnos_id, medicament_id ) values (19, 8, 2);
insert into Treatment (id, diagnos_id, medicament_id ) values (20, 1, 9);


insert into InfoCard (id, patient_id, treatment_id, specificity, cur_time_of_treatment, employee_treatment_id) values (1, 5, 4, 'Fracture of unspecified carpal bone, unspecified wrist, subsequent encounter for fracture with delayed healing', 299, 8);
insert into InfoCard (id, patient_id, treatment_id, specificity, cur_time_of_treatment, employee_treatment_id) values (2, 9, 12, 'Other bursitis, not elsewhere classified, other site', 751, 8);
insert into InfoCard (id, patient_id, treatment_id, specificity, cur_time_of_treatment, employee_treatment_id) values (3, 1, 10, 'Medial subluxation of unspecified ulnohumeral joint, sequela', 639, 3);
insert into InfoCard (id, patient_id, treatment_id, specificity, cur_time_of_treatment, employee_treatment_id) values (4, 30, 1, 'Personal history of malignant neoplasm of skin', 35, 4);
insert into InfoCard (id, patient_id, treatment_id, specificity, cur_time_of_treatment, employee_treatment_id) values (5, 29, 18, 'Small cell B-cell lymphoma, intrathoracic lymph nodes', 492, 7);
insert into InfoCard (id, patient_id, treatment_id, specificity, cur_time_of_treatment, employee_treatment_id) values (6, 30, 17, 'Corrosion of unspecified degree of multiple sites of left lower limb, except ankle and foot, sequela', 911, 8);
insert into InfoCard (id, patient_id, treatment_id, specificity, cur_time_of_treatment, employee_treatment_id) values (7, 4, 13, 'Other cervical disc displacement at C5-C6 level', 781, 7);
insert into InfoCard (id, patient_id, treatment_id, specificity, cur_time_of_treatment, employee_treatment_id) values (8, 29, 20, 'Explosion of mine placed during war operations but exploding after cessation of hostilities, military personnel', 308, 4);
insert into InfoCard (id, patient_id, treatment_id, specificity, cur_time_of_treatment, employee_treatment_id) values (9, 7, 6, 'Traumatic rupture of volar plate of right index finger at metacarpophalangeal and interphalangeal joint, sequela', 889, 5);
insert into InfoCard (id, patient_id, treatment_id, specificity, cur_time_of_treatment, employee_treatment_id) values (10, 2, 1, 'Laceration without foreign body, unspecified knee, initial encounter', 330, 3);
insert into InfoCard (id, patient_id, treatment_id, specificity, cur_time_of_treatment, employee_treatment_id) values (11, 3, 17, 'Newborn affected by breech delivery and extraction', 457, 5);
insert into InfoCard (id, patient_id, treatment_id, specificity, cur_time_of_treatment, employee_treatment_id) values (12, 7, 5, 'Displaced segmental fracture of shaft of unspecified femur, subsequent encounter for closed fracture with malunion', 991, 5);
insert into InfoCard (id, patient_id, treatment_id, specificity, cur_time_of_treatment, employee_treatment_id) values (13, 19, 16, 'Medial dislocation of proximal end of tibia, left knee, initial encounter', 816, 4);
insert into InfoCard (id, patient_id, treatment_id, specificity, cur_time_of_treatment, employee_treatment_id) values (14, 27, 10, 'Other mechanical complication of other gastrointestinal prosthetic devices, implants and grafts, initial encounter', 395, 2);
insert into InfoCard (id, patient_id, treatment_id, specificity, cur_time_of_treatment, employee_treatment_id) values (15, 20, 8, 'Acute salpingitis and oophoritis', 472, 1);
insert into InfoCard (id, patient_id, treatment_id, specificity, cur_time_of_treatment, employee_treatment_id) values (16, 1, 1, 'Barton''s fracture of left radius, subsequent encounter for open fracture type I or II with malunion', 439, 3);
insert into InfoCard (id, patient_id, treatment_id, specificity, cur_time_of_treatment, employee_treatment_id) values (17, 12, 10, 'Poisoning by, adverse effect of and underdosing of unspecified drugs primarily affecting the autonomic nervous system', 348, 8);
insert into InfoCard (id, patient_id, treatment_id, specificity, cur_time_of_treatment, employee_treatment_id) values (18, 21, 3, 'Displaced transverse fracture of shaft of left femur', 452, 3);
insert into InfoCard (id, patient_id, treatment_id, specificity, cur_time_of_treatment, employee_treatment_id) values (19, 2, 16, 'Salter-Harris Type II physeal fracture of lower end of humerus, unspecified arm, subsequent encounter for fracture with delayed healing', 907, 6);
insert into InfoCard (id, patient_id, treatment_id, specificity, cur_time_of_treatment, employee_treatment_id) values (20, 2, 11, 'Partial traumatic transphalangeal amputation of left thumb', 273, 2);
insert into InfoCard (id, patient_id, treatment_id, specificity, cur_time_of_treatment, employee_treatment_id) values (21, 17, 15, 'Unspecified injury of left carotid artery', 82, 4);
insert into InfoCard (id, patient_id, treatment_id, specificity, cur_time_of_treatment, employee_treatment_id) values (22, 18, 1, 'Unspecified fracture of lower end of right femur, subsequent encounter for open fracture type I or II with malunion', 583, 3);
insert into InfoCard (id, patient_id, treatment_id, specificity, cur_time_of_treatment, employee_treatment_id) values (23, 23, 14, 'Other fracture of lower end of right femur, subsequent encounter for open fracture type I or II with delayed healing', 835, 9);
insert into InfoCard (id, patient_id, treatment_id, specificity, cur_time_of_treatment, employee_treatment_id) values (24, 18, 15, 'Laceration of superficial vein at shoulder and upper arm level, left arm, subsequent encounter', 183, 9);
insert into InfoCard (id, patient_id, treatment_id, specificity, cur_time_of_treatment, employee_treatment_id) values (25, 7, 11, 'Unspecified occupant of heavy transport vehicle injured in collision with railway train or railway vehicle in nontraffic accident, initial encounter', 961, 10);
insert into InfoCard (id, patient_id, treatment_id, specificity, cur_time_of_treatment, employee_treatment_id) values (26, 2, 17, 'Other calcification of muscle, forearm', 783, 5);
insert into InfoCard (id, patient_id, treatment_id, specificity, cur_time_of_treatment, employee_treatment_id) values (27, 10, 19, 'Puncture wound with foreign body of vocal cord, sequela', 685, 5);
insert into InfoCard (id, patient_id, treatment_id, specificity, cur_time_of_treatment, employee_treatment_id) values (28, 8, 15, 'Feeding problem of newborn, unspecified', 689, 7);
insert into InfoCard (id, patient_id, treatment_id, specificity, cur_time_of_treatment, employee_treatment_id) values (29, 22, 8, 'Obesity complicating pregnancy, unspecified trimester', 17, 6);
insert into InfoCard (id, patient_id, treatment_id, specificity, cur_time_of_treatment, employee_treatment_id) values (30, 9, 16, 'Glaucoma secondary to other eye disorders, unspecified eye, indeterminate stage', 745, 6);
